message,label
"Win a free iPhone now! Click here!!",spam
"Congratulations! You've won $1000. Claim now.",spam
"FREE entry to win tickets. Text WIN to 87121",spam
"You have been selected for a cash prize. Call now.",spam
"Urgent! Your bank account needs verification. Click link.",spam
"Get rich quick! Work from home, earn $5000/day",spam
"WINNER!! You have won a weekly prize. Reply YES",spam
"Limited offer! Buy now and get 90% off. Today only!",spam
"Your mobile number has won 2 million dollars. Contact us.",spam
"Claim your free gift now. No purchase necessary!",spam
"Hot singles in your area! Click to meet them now.",spam
"You are a lucky winner. Send your details to claim prize.",spam
"FREE ringtones! Text MUSIC to 87066. 3 tones for free!",spam
"URGENT: Your account will be suspended. Verify now.",spam
"Make money fast! Join our network marketing team today.",spam
"Hey, are you coming to class tomorrow?",ham
"Can you send me the notes from today's lecture?",ham
"Mom said dinner is ready, come home soon.",ham
"I'll meet you at the library at 5pm.",ham
"Did you finish the assignment? I need help with question 3.",ham
"Let's catch up this weekend, it's been a while!",ham
"Your appointment is confirmed for Monday at 10am.",ham
"Can you pick up some groceries on your way home?",ham
"Happy birthday! Hope you have a great day.",ham
"The meeting has been rescheduled to Thursday.",ham
"I'm running 10 minutes late, sorry!",ham
"Thanks for helping me yesterday, really appreciate it.",ham
"Are you free to study together tonight?",ham
"Just checking in, how are you doing?",ham
"Don't forget we have a test next week.",ham
"The project submission deadline is extended to Friday.",ham
"Can we reschedule our call to tomorrow?",ham
"I sent you the file over email, check it out.",ham
"Great work on the presentation today!",ham
"Let me know when you reach home safely.",ham